{
  "type": "APL",
  "version": "1.3",
  "settings": {},
  "theme": "dark",
  "import": [
      {
          "name": "alexa-layouts",
          "version": "1.0.0"
      }
  ],
  "resources": [
      {
          "description": "Stock color for the light theme",
          "colors": {
              "colorTextPrimary": "#151920"
          }
      },
      {
          "description": "Stock color for the dark theme",
          "when": "${viewport.theme == 'dark'}",
          "colors": {
              "colorTextPrimary": "#f0f1ef"
          }
      },
      {
          "description": "Standard font sizes",
          "dimensions": {
              "textSizeBody": 48,
              "textSizePrimary": 27,
              "textSizeSecondary": 23,
              "textSizeSecondaryHint": 25
          }
      },
      {
          "description": "Common spacing values",
          "dimensions": {
              "spacingThin": 6,
              "spacingSmall": 12,
              "spacingMedium": 24,
              "spacingLarge": 48,
              "spacingExtraLarge": 72
          }
      },
      {
          "description": "Common margins and padding",
          "dimensions": {
              "marginTop": 40,
              "marginLeft": 60,
              "marginRight": 60,
              "marginBottom": 40
          }
      }
  ],
  "styles": {
      "textStyleBase": {
          "description": "Base font description; set color",
          "values": [
              {
                  "color": "@colorTextPrimary"
              }
          ]
      },
      "textStyleBase0": {
          "description": "Thin version of basic font",
          "extend": "textStyleBase",
          "values": {
              "fontWeight": "100"
          }
      },
      "textStyleBase1": {
          "description": "Light version of basic font",
          "extend": "textStyleBase",
          "values": {
              "fontWeight": "300"
          }
      },
      "mixinBody": {
          "values": {
              "fontSize": "@textSizeBody"
          }
      },
      "mixinPrimary": {
          "values": {
              "fontSize": "@textSizePrimary"
          }
      },
      "mixinSecondary": {
          "values": {
              "fontSize": "@textSizeSecondary"
          }
      },
      "textStylePrimary": {
          "extend": [
              "textStyleBase1",
              "mixinPrimary"
          ]
      },
      "textStyleSecondary": {
          "extend": [
              "textStyleBase0",
              "mixinSecondary"
          ]
      },
      "textStyleBody": {
          "extend": [
              "textStyleBase1",
              "mixinBody"
          ]
      },
      "textStyleSecondaryHint": {
          "values": {
              "fontFamily": "Bookerly",
              "fontStyle": "italic",
              "fontSize": "@textSizeSecondaryHint",
              "color": "@colorTextPrimary"
          }
      }
  },
  "onMount": [],
  "graphics": {},
  "commands": {
    "bounceOut": {
        "parameters": [
            "duration",
            "delay"
        ],
        "commands": [
            {
                "type": "AnimateItem",
                "delay": "${delay || 0}",
                "duration": "${duration * 0.2}",
                "value": [
                    {   
                        "property": "opacity",
                        "to": 1
                        
                    },{
                        
                        "property": "transform",
                        "from": [
                            {
                                "scaleX": 0,
                                "scaleY": 0
                            }
                        ],
                        "to": [
                            {
                                "scaleX": 0.9,
                                "scaleY": 0.9
                            }
                        ]
                    }
                ]
            },
            {
                "type": "AnimateItem",
                "duration": "${duration * 0.3}",
                "value": [
                    {
                        "property": "transform",
                        "from": [
                            {
                                "scaleX": 0.9,
                                "scaleY": 0.9
                            }
                        ],
                        "to": [
                            {
                                "scaleX": 1.1,
                                "scaleY": 1.1
                            }
                        ]
                    }
                ]
            },
            {
                "type": "Idle",
                "delay": "${duration * 0.05}"
            },
            {
                "type": "AnimateItem",
                "duration": "${duration * 0.45}",
                "value": [
                    {
                        "property": "opacity",
                        "to": 0
                    },
                    {
                        "property": "transform",
                        "from": [
                            {
                                "scaleX": 1.1,
                                "scaleY": 1.1
                            }
                        ],
                        "to": [
                            {
                                "scaleX": 0.3,
                                "scaleY": 0.3
                            }
                        ]
                    }
                ]
            }
        ]
    },
      "wobble": {
          "parameters": [
              "duration",
              "delay"
          ],
          "commands": [
              {
                  "type": "AnimateItem",
                  "repeatMode": "restart",
                  "duration": "${duration * 0.15}",
                  "delay": "${delay || 0}",
                  "value": [
                      {
                          "property": "transform",
                          "from": [
                              {
                                  "translateX": "0"
                              },
                              {
                                  "translateY": "-0.5%"
                              }
                          ],
                          "to": [
                              {
                                  "translateX": "-2%"
                              },
                              {
                                  "translateY": "0.5%"
                              }
                          ]
                      }
                  ]
              },
              {
                  "type": "AnimateItem",
                  "duration": "${duration * 0.15}",
                  "value": [
                      {
                          "property": "transform",
                          "from": [
                              {
                                  "translateX": "-2%"
                              },
                              {
                                  "translateY": "0.5%"
                              }
                          ],
                          "to": [
                              {
                                  "translateX": "0"
                              },
                              {
                                  "translateY": "-0.5%"
                              }
                          ]
                      }
                  ]
              },
              {
                  "type": "AnimateItem",
                  "duration": "${duration * 0.15}",
                  "value": [
                      {
                          "property": "transform",
                          "from": [
                              {
                                  "translateX": "0"
                              },
                              {
                                  "translateY": "-0.5%"
                              }
                          ],
                          "to": [
                              {
                                  "translateX": "2%"
                              },
                              {
                                  "translateY": "0.5%"
                              }
                          ]
                      }
                  ]
              },
              {
                  "type": "AnimateItem",
                  "duration": "${duration * 0.15}",
                  "value": [
                      {
                          "property": "transform",
                          "from": [
                              {
                                  "translateX": "2%"
                              },
                              {
                                  "translateY": "0.5%"
                              }
                          ],
                          "to": [
                              {
                                  "translateX": "0"
                              },
                              {
                                  "translateY": "-0.5%"
                              }
                          ]
                      }
                  ]
              },
              {
                  "type": "AnimateItem",
                  "duration": "${duration * 0.15}",
                  "value": [
                      {
                          "property": "transform",
                          "from": [
                              {
                                  "translateX": "0"
                              },
                              {
                                  "translateY": "-0.5%"
                              }
                          ],
                          "to": [
                              {
                                  "translateX": "-2%"
                              },
                              {
                                  "translateY": "0.5%"
                              }
                          ]
                      }
                  ]
              },
              {
                  "type": "AnimateItem",
                  "duration": "${duration * 0.25}",
                  "value": [
                      {
                          "property": "transform",
                          "from": [
                              {
                                  "translateX": "-2%"
                              },
                              {
                                  "translateY": "0.5%"
                              }
                          ],
                          "to": [
                              {
                                  "translateX": "0%"
                              },
                              {
                                  "translateY": "-0.5%"
                              }
                          ]
                      }
                  ]
              },
              {
                  "type": "AnimateItem",
                  "duration": "${duration * 0.15}",
                  "value": [
                      {
                          "property": "transform",
                          "from": [
                              {
                                  "translateX": "0"
                              },
                              {
                                  "translateY": "-0.5%"
                              }
                          ],
                          "to": [
                              {
                                  "translateX": "2%"
                              },
                              {
                                  "translateY": "0.5%"
                              }
                          ]
                      }
                  ]
              },
              {
                  "type": "AnimateItem",
                  "duration": "${duration * 0.15}",
                  "value": [
                      {
                          "property": "transform",
                          "from": [
                              {
                                  "translateX": "2%"
                              },
                              {
                                  "translateY": "0.5%"
                              }
                          ],
                          "to": [
                              {
                                  "translateX": "0"
                              },
                              {
                                  "translateY": "-0.5%"
                              }
                          ]
                      }
                  ]
              },
              {
                  "type": "AnimateItem",
                  "duration": "${duration * 0.15}",
                  "value": [
                      {
                          "property": "transform",
                          "from": [
                              {
                                  "translateX": "0"
                              },
                              {
                                  "translateY": "-0.5%"
                              }
                          ],
                          "to": [
                              {
                                  "translateX": "-2%"
                              },
                              {
                                  "translateY": "0.5%"
                              }
                          ]
                      }
                  ]
              },
              {
                  "type": "AnimateItem",
                  "duration": "${duration * 0.15}",
                  "value": [
                      {
                          "property": "transform",
                          "from": [
                              {
                                  "translateX": "-2%"
                              },
                              {
                                  "translateY": "0.5%"
                              }
                          ],
                          "to": [
                              {
                                  "translateX": "0"
                              },
                              {
                                  "translateY": "-0.5%"
                              }
                          ]
                      }
                  ]
              },
              {
                  "type": "AnimateItem",
                  "duration": "${duration * 0.15}",
                  "value": [
                      {
                          "property": "transform",
                          "from": [
                              {
                                  "translateX": "0"
                              },
                              {
                                  "translateY": "-0.5%"
                              }
                          ],
                          "to": [
                              {
                                  "translateX": "2%"
                              },
                              {
                                  "translateY": "0.5%"
                              }
                          ]
                      }
                  ]
              },
              {
                  "type": "AnimateItem",
                  "duration": "${duration * 0.15}",
                  "value": [
                      {
                          "property": "transform",
                          "from": [
                              {
                                  "translateX": "2%"
                              },
                              {
                                  "translateY": "0.5%"
                              }
                          ],
                          "to": [
                              {
                                  "translateX": "0"
                              },
                              {
                                  "translateY": "-0.5%"
                              }
                          ]
                      }
                  ]
              },
              {
                  "type": "AnimateItem",
                  "duration": "${duration * 0.15}",
                  "value": [
                      {
                          "property": "transform",
                          "from": [
                              {
                                  "translateX": "0"
                              },
                              {
                                  "translateY": "-0.5%"
                              }
                          ],
                          "to": [
                              {
                                  "translateX": "-2%"
                              },
                              {
                                  "translateY": "0.5%"
                              }
                          ]
                      }
                  ]
              },
              {
                  "type": "AnimateItem",
                  "duration": "${duration * 0.25}",
                  "value": [
                      {
                          "property": "transform",
                          "from": [
                              {
                                  "translateX": "-2%"
                              },
                              {
                                  "translateY": "0.5%"
                              }
                          ],
                          "to": [
                              {
                                  "translateX": "0%"
                              },
                              {
                                  "translateY": "-0.5%"
                              }
                          ]
                      }
                  ]
              },
              {
                  "type": "AnimateItem",
                  "duration": "${duration * 0.15}",
                  "value": [
                      {
                          "property": "transform",
                          "from": [
                              {
                                  "translateX": "0"
                              },
                              {
                                  "translateY": "-0.5%"
                              }
                          ],
                          "to": [
                              {
                                  "translateX": "2%"
                              },
                              {
                                  "translateY": "0.5%"
                              }
                          ]
                      }
                  ]
              },
              {
                  "type": "AnimateItem",
                  "duration": "${duration * 0.15}",
                  "value": [
                      {
                          "property": "transform",
                          "from": [
                              {
                                  "translateX": "2%"
                              },
                              {
                                  "translateY": "0.5%"
                              }
                          ],
                          "to": [
                              {
                                  "translateX": "0"
                              },
                              {
                                  "translateY": "-0.5%"
                              }
                          ]
                      }
                  ]
              },
              {
                  "type": "AnimateItem",
                  "duration": "${duration * 0.15}",
                  "value": [
                      {
                          "property": "transform",
                          "from": [
                              {
                                  "translateX": "0"
                              },
                              {
                                  "translateY": "-0.5%"
                              }
                          ],
                          "to": [
                              {
                                  "translateX": "-2%"
                              },
                              {
                                  "translateY": "0.5%"
                              }
                          ]
                      }
                  ]
              },
              {
                  "type": "AnimateItem",
                  "duration": "${duration * 0.25}",
                  "value": [
                      {
                          "property": "transform",
                          "from": [
                              {
                                  "translateX": "-2%"
                              },
                              {
                                  "translateY": "0.5%"
                              }
                          ],
                          "to": [
                              {
                                  "translateX": "0%"
                              },
                              {
                                  "translateY": "0"
                              }
                          ]
                      }
                  ]
              }
          ]
      },
      "slideInLeft": {
          "parameters": [
              "duration",
              "distance",
              "delay"
          ],
          "commands": [
              {
                  "type": "AnimateItem",
                  "duration": "${duration}",
                  "delay": "${delay || 0}",
                  "value": [
                      {
                          "property": "transform",
                          "from": [
                              {
                                  "translateX": "${distance && ('-' + distance) || '-100vw'}"
                              }
                          ],
                          "to": [
                              {
                                  "translateX": 0
                              }
                          ]
                      }
                  ]
              }
          ]
      }
  },
  "layouts": {},
  "mainTemplate": {
      "parameters": [
          "payload"
      ],
      "items": [
          {
              "when": "${viewport.shape == 'round'}",
              "type": "Container",
              "direction": "column",
              "items": [
                  {
                      "type": "Image",
                      "source": "https://powers.s3.amazonaws.com/efe-kurnaz-RnCPiXixooY-unsplash.jpg",
                      "scale": "best-fill",
                      "position": "absolute",
                      "overlayColor": "rgba(0,0,0,0.2)",
                      "width": "100vw",
                      "height": "100vh"
                  },
                  {
                    "type": "Container",
                    "grow": 1,
                    "alignItems": "center",
                    "justifyContent": "center",
                    "items": [
                        {
                            "type": "Container",
                            "width": "35vw",
                            "height": "4vh",
                            "items": [
                                {
                                    "type": "Frame",
                                    "width": "100%",
                                    "height": "100%",
                                    "borderColor": "#0D1440",
                                    "borderWidth": "2",
                                    "item": [
                                        {
                                            "type": "Frame",
                                            "display": "normal",
                                            "opacity": 1,
                                            "width": "${payload.mainData.properties.power.health2 || '100%'}",
                                            "height": "100%",
                                            "backgroundColor": "#BF1736",
                                            "item": {
                                                "type": "Frame",
                                                "width": "${payload.mainData.properties.power.health || '100%'}",
                                                "height": "100%",
                                                "backgroundColor": "#1455D9"                                                
                                            }
                                        }
                                    ]
                                }
                            ],
                            "alignSelf": "center",
                            "alignItems": "center",
                            "justifyContent": "center",
                            "direction": "column",
                            "position": "absolute",
                            "top": "15%"
                        },
                        {
                            "type": "Image",
                            "onMount": [
                                {
                                    "type": "wobble",
                                    "duration": 2000,
                                    "repeatCount": 4,
                                    "repeatMode": "restart"
                                }
                            ],
                            "width": "35vw",
                            "height": "60vw",
                            "source": "${payload.mainData.properties.powerPlayer}",
                            "scale": "best-fit",
                            "align": "center",
                            "position": "absolute",
                            "bottom": "10%"
                        }
                    ],
                    "position": "relative"
                }
              ]
          },
          {
              "type": "Container",
              "height": "100vh",
              "width": "100vw",
              "items": [
                  {
                      "type": "Image",
                      "width": "100vw",
                      "height": "100vh",
                      "source": "https://powers.s3.amazonaws.com/photo-of-pathway-between-walls-1472234.jpg",
                      "scale": "best-fill",
                      "overlayColor": "rgba(0,0,0,0.2)",
                      "position": "absolute"
                  },
                  {
                      "type": "Container",
                      "height": "100vh",
                      "paddingLeft": "5vw",
                      "paddingRight": "5vw",
                      "paddingBottom": "5vh",
                      "direction": "column",
                      "alignItems": "center",
                      "justifyContent": "start",
                      "items": [
                          {
                              "type": "Container",
                              "width": "100vw",
                              "height": "5vh",
                              "item": [
                                  {
                                      "type": "Container",
                                      "width": "35vw",
                                      "height": "4vh",
                                      "items": [
                                        {
                                          "type": "Frame",
                                          "width": "100%",
                                          "height": "100%",
                                          "item": [
                                              {
                                                  "type": "Frame",
                                                  "display": "normal",
                                                  "opacity": 1,
                                                  "width": "${payload.mainData.properties.power.health2 || '100%'}",
                                                  "height": "100%",
                                                  "backgroundColor": "#BF1736",
                                                  "item": {
                                                      "type": "Frame",
                                                      "width": "${payload.mainData.properties.power.health || '100%'}",
                                                      "height": "100%",
                                                      "backgroundColor": "#1455D9"                                                
                                                  }
                                              }
                                          ],
                                          "borderWidth": "5",
                                          "borderColor": "#0D1440"
                                      }
                                      ],
                                      "alignSelf": "start",
                                      "left": "10",
                                      "top": "5"
                                  },
                                  {
                                      "type": "Container",
                                      "width": "35vw",
                                      "height": "4vh",
                                      "items": [
                                        {
                                          "type": "Frame",
                                          "width": "100%",
                                          "height": "100%",
                                          "item": [
                                              {
                                                  "type": "Frame",
                                                  "display": "normal",
                                                  "opacity": 1,
                                                  "width": "${payload.mainData.properties.power2.health2 || '100%'}",
                                                  "height": "100%",
                                                  "backgroundColor": "#BF1736",
                                                  "item": {
                                                      "type": "Frame",
                                                      "width": "${payload.mainData.properties.power2.health || '100%'}",
                                                      "height": "100%",
                                                      "backgroundColor": "#1455D9"
                                                  }
                                              }
                                          ],
                                          "borderWidth": "5",
                                          "borderColor": "#0D1440"
                                      }
                                      ],
                                      "alignSelf": "end",
                                        "position": "absolute",
                                        "right": "10",
                                        "top": "5"
                                  }
                              ]
                          },
                          {
                              "type": "Image",
                              "id": "myFlyingComponent",
                              "onMount": [
                                  {
                                      "type": "wobble",
                                      "duration": 2000,
                                      "repeatCount": 4,
                                      "repeatMode": "restart"
                                  }
                              ],
                              "width": "25vw",
                              "height": "70vh",
                              "source": "${payload.mainData.properties.powerPlayer}",
                              "scale": "best-fit",
                              "align": "center",
                              "position": "absolute",
                              "left": "24%",
                              "bottom": "6%"
                          },
                          {
                              "type": "Image",
                              "onMount": [
                                  {
                                      "type": "wobble",
                                      "duration": 2000,
                                      "repeatCount": 4,
                                      "repeatMode": "restart",
                                      "delay": 100
                                  }
                              ],
                              "width": "25vw",
                              "height": "70vh",
                              "source": "${payload.mainData.properties.powerComputer}",
                              "scale": "best-fit",
                              "position": "absolute",
                              "right": "24%",
                              "bottom": "8%"
                          }
                      ]
                  }
              ]
          }
      ]
  }
}