{
  "type": "APL",
  "version": "1.3",
  "settings": {},
  "theme": "dark",
  "import": [
      {
          "name": "alexa-layouts",
          "version": "1.0.0"
      }
  ],
  "resources": [
      {
          "description": "Stock color for the light theme",
          "colors": {
              "colorTextPrimary": "#151920"
          }
      },
      {
          "description": "Stock color for the dark theme",
          "when": "${viewport.theme == 'dark'}",
          "colors": {
              "colorTextPrimary": "#f0f1ef"
          }
      },
      {
          "description": "Standard font sizes",
          "dimensions": {
              "textSizeBody": 48,
              "textSizePrimary": 27,
              "textSizeSecondary": 23,
              "textSizeSecondaryHint": 25
          }
      },
      {
          "description": "Common spacing values",
          "dimensions": {
              "spacingThin": 6,
              "spacingSmall": 12,
              "spacingMedium": 24,
              "spacingLarge": 48,
              "spacingExtraLarge": 72
          }
      },
      {
          "description": "Common margins and padding",
          "dimensions": {
              "marginTop": 40,
              "marginLeft": 60,
              "marginRight": 60,
              "marginBottom": 40
          }
      }
  ],
  "styles": {
      "textStyleBase": {
          "description": "Base font description; set color",
          "values": [
              {
                  "color": "@colorTextPrimary"
              }
          ]
      },
      "textStyleBase0": {
          "description": "Thin version of basic font",
          "extend": "textStyleBase",
          "values": {
              "fontWeight": "100"
          }
      },
      "textStyleBase1": {
          "description": "Light version of basic font",
          "extend": "textStyleBase",
          "values": {
              "fontWeight": "300"
          }
      },
      "mixinBody": {
          "values": {
              "fontSize": "@textSizeBody"
          }
      },
      "mixinPrimary": {
          "values": {
              "fontSize": "@textSizePrimary"
          }
      },
      "mixinSecondary": {
          "values": {
              "fontSize": "@textSizeSecondary"
          }
      },
      "textStylePrimary": {
          "extend": [
              "textStyleBase1",
              "mixinPrimary"
          ]
      },
      "textStyleSecondary": {
          "extend": [
              "textStyleBase0",
              "mixinSecondary"
          ]
      },
      "textStyleBody": {
          "extend": [
              "textStyleBase1",
              "mixinBody"
          ]
      },
      "textStyleSecondaryHint": {
          "values": {
              "fontFamily": "Bookerly",
              "fontStyle": "italic",
              "fontSize": "@textSizeSecondaryHint",
              "color": "@colorTextPrimary"
          }
      }
  },
  "onMount": [],
  "graphics": {},
  "commands": {
      "bounceIn": {
          "parameters": [
              "duration",
              "delay"
          ],
          "commands": [
              {
                  "type": "Sequential",
                  "commands": [
                      {
                          "type": "AnimateItem",
                          "delay": "${delay || 0}",
                          "duration": "${duration / 5}",
                          "easing": "cubic-bezier(0.215, 0.61, 0.355, 1)",
                          "value": [
                              {
                                  "property": "opacity",
                                  "from": 0,
                                  "to": 0.25
                              },
                              {
                                  "property": "transform",
                                  "from": [
                                      {
                                          "scaleX": "0.3",
                                          "scaleY": "0.3"
                                      }
                                  ],
                                  "to": [
                                      {
                                          "scaleX": "1.1",
                                          "scaleY": "1.1"
                                      }
                                  ]
                              }
                          ]
                      },
                      {
                          "type": "AnimateItem",
                          "duration": "${duration / 5}",
                          "easing": "cubic-bezier(0.215, 0.61, 0.355, 1)",
                          "value": [
                              {
                                  "property": "opacity",
                                  "from": 0.25,
                                  "to": 0.5
                              },
                              {
                                  "property": "transform",
                                  "from": [
                                      {
                                          "scaleX": "1.1",
                                          "scaleY": "1.1"
                                      }
                                  ],
                                  "to": [
                                      {
                                          "scaleX": "0.9",
                                          "scaleY": "0.9"
                                      }
                                  ]
                              }
                          ]
                      },
                      {
                          "type": "AnimateItem",
                          "duration": "${duration / 5}",
                          "easing": "cubic-bezier(0.215, 0.61, 0.355, 1)",
                          "value": [
                              {
                                  "property": "opacity",
                                  "from": 0.5,
                                  "to": 0.75
                              },
                              {
                                  "property": "transform",
                                  "from": [
                                      {
                                          "scaleX": "0.9",
                                          "scaleY": "0.9"
                                      }
                                  ],
                                  "to": [
                                      {
                                          "scaleX": "1.03",
                                          "scaleY": "1.03"
                                      }
                                  ]
                              }
                          ]
                      },
                      {
                          "type": "AnimateItem",
                          "duration": "${duration / 5}",
                          "easing": "cubic-bezier(0.215, 0.61, 0.355, 1)",
                          "value": [
                              {
                                  "property": "opacity",
                                  "from": 0.75,
                                  "to": 1
                              },
                              {
                                  "property": "transform",
                                  "from": [
                                      {
                                          "scaleX": "1.03",
                                          "scaleY": "1.03"
                                      }
                                  ],
                                  "to": [
                                      {
                                          "scaleX": "0.97",
                                          "scaleY": "0.97"
                                      }
                                  ]
                              }
                          ]
                      },
                      {
                          "type": "AnimateItem",
                          "duration": "${duration / 5}",
                          "easing": "cubic-bezier(0.215, 0.61, 0.355, 1)",
                          "value": [
                              {
                                  "property": "transform",
                                  "from": [
                                      {
                                          "scaleX": "0.97",
                                          "scaleY": "0.97"
                                      }
                                  ],
                                  "to": [
                                      {
                                          "scaleX": "1",
                                          "scaleY": "1"
                                      }
                                  ]
                              }
                          ]
                      }
                  ]
              }
          ]
      },
      "fadeIn": {
          "parameters": [
              "duration",
              "delay"
          ],
          "commands": [
              {
                  "type": "AnimateItem",
                  "duration": "${duration}",
                  "delay": "${delay || 0}",
                  "value": [
                      {
                          "property": "opacity",
                          "from": 0,
                          "to": 1
                      }
                  ]
              }
          ]
      }
  },
  "layouts": {},
  "mainTemplate": {
      "parameters": [
          "payload"
      ],
      "items": [
          {
              "when": "${viewport.shape == 'round'}",
              "type": "Container",
              "direction": "column",
              "items": [
                  {
                      "type": "Image",
                      "source": "https://powers.s3.amazonaws.com/efe-kurnaz-RnCPiXixooY-unsplash.jpg",
                      "scale": "best-fill",
                      "position": "absolute",
                      "overlayColor": "rgba(0,0,0,0.2)",
                      "width": "100vw",
                      "height": "100vh"
                  },
                  {
                      "type": "Container",
                      "alignItems": "center",
                      "justifyContent": "center",
                      "items": [
                          {
                              "type": "Frame",
                              "onMount": [
                                  {
                                      "type": "fadeIn",
                                      "duration": 2000
                                  }
                              ],
                              "width": "100vw",
                              "height": "100vh",
                              "position": "relative",
                              "backgroundColor": "${payload.mainData.properties.bgColor}"
                          },
                          {
                              "type": "Text",
                              "onMount": [
                                  {
                                      "type": "bounceIn",
                                      "duration": 2000,
                                      "delay": 1000
                                  }
                              ],
                              "opacity": 0,
                              "alignSelf": "center",
                              "position": "absolute",
                              "shadowColor": "#1455D9",
                              "shadowHorizontalOffset": "2",
                              "shadowVerticalOffset": "2",
                              "shadowRadius": "2",
                              "textAlign": "center",
                              "textAlignVertical": "center",
                              "color": "${payload.mainData.properties.color}",
                              "text": "${payload.mainData.properties.message}",
                              "fontWeight": "bold"
                          }
                      ]
                  }
              ]
          },
          {
              "type": "Container",
              "height": "100vh",
              "width": "100vw",
              "items": [
                  {
                      "type": "Image",
                      "width": "100vw",
                      "height": "100vh",
                      "source": "${payload.mainData.properties.bgImage}",
                      "scale": "best-fill",
                      "overlayColor": "rgba(0,0,0,0.2)",
                      "position": "absolute"
                  },
                  {
                      "type": "Container",
                      "height": "100vh",
                      "paddingLeft": "5vw",
                      "paddingRight": "5vw",
                      "paddingBottom": "5vh",
                      "direction": "column",
                      "alignItems": "center",
                      "justifyContent": "start",
                      "items": [
                          {
                              "type": "Frame",
                              "onMount": [
                                  {
                                      "type": "fadeIn",
                                      "duration": 1800
                                  }
                              ],
                              "width": "100vw",
                              "height": "100vh",
                              "position": "relative",
                              "backgroundColor": "${payload.mainData.properties.bgColor}"
                          },
                          {
                              "type": "Text",
                              "onMount": [
                                  {
                                      "type": "bounceIn",
                                      "duration": 2500,
                                      "delay": 1500
                                  }
                              ],
                              "opacity": 0,
                              "alignSelf": "center",
                              "position": "absolute",
                              "shadowColor": "#1455D9",
                              "shadowHorizontalOffset": "2",
                              "shadowVerticalOffset": "2",
                              "shadowRadius": "2",
                              "textAlign": "center",
                              "textAlignVertical": "center",
                              "color": "${payload.mainData.properties.color}",
                              "text": "${payload.mainData.properties.message}",
                              "fontWeight": "bold",
                              "top": "50%"
                          }
                      ]
                  }
              ]
          }
      ]
  }
}