{
    "type": "APL",
    "version": "1.3",
    "settings": {},
    "theme": "dark",
    "import": [
        {
            "name": "alexa-layouts",
            "version": "1.0.0"
        }
    ],
    "resources": [
        {
            "description": "Stock color for the light theme",
            "colors": {
                "colorTextPrimary": "#151920"
            }
        },
        {
            "description": "Stock color for the dark theme",
            "when": "${viewport.theme == 'dark'}",
            "colors": {
                "colorTextPrimary": "#f0f1ef"
            }
        },
        {
            "description": "Standard font sizes",
            "dimensions": {
                "textSizeBody": 48,
                "textSizePrimary": 27,
                "textSizeSecondary": 23,
                "textSizeSecondaryHint": 25
            }
        },
        {
            "description": "Common spacing values",
            "dimensions": {
                "spacingThin": 6,
                "spacingSmall": 12,
                "spacingMedium": 24,
                "spacingLarge": 48,
                "spacingExtraLarge": 72
            }
        },
        {
            "description": "Common margins and padding",
            "dimensions": {
                "marginTop": 40,
                "marginLeft": 60,
                "marginRight": 60,
                "marginBottom": 40
            }
        }
    ],
    "styles": {
        "textStyleBase": {
            "description": "Base font description; set color",
            "values": [
                {
                    "color": "@colorTextPrimary"
                }
            ]
        },
        "textStyleBase0": {
            "description": "Thin version of basic font",
            "extend": "textStyleBase",
            "values": {
                "fontWeight": "100"
            }
        },
        "textStyleBase1": {
            "description": "Light version of basic font",
            "extend": "textStyleBase",
            "values": {
                "fontWeight": "300"
            }
        },
        "mixinBody": {
            "values": {
                "fontSize": "@textSizeBody"
            }
        },
        "mixinPrimary": {
            "values": {
                "fontSize": "@textSizePrimary"
            }
        },
        "mixinSecondary": {
            "values": {
                "fontSize": "@textSizeSecondary"
            }
        },
        "textStylePrimary": {
            "extend": [
                "textStyleBase1",
                "mixinPrimary"
            ]
        },
        "textStyleSecondary": {
            "extend": [
                "textStyleBase0",
                "mixinSecondary"
            ]
        },
        "textStyleBody": {
            "extend": [
                "textStyleBase1",
                "mixinBody"
            ]
        },
        "textStyleSecondaryHint": {
            "values": {
                "fontFamily": "Bookerly",
                "fontStyle": "italic",
                "fontSize": "@textSizeSecondaryHint",
                "color": "@colorTextPrimary"
            }
        }
    },
    "onMount": [],
    "graphics": {},
    "commands": {
        "wobble": {
            "repeatCount":4,
            "repeatMode":"restart",
            "parameters": [
                "duration",
                "delay"
            ],
            
            "commands": [
                {
                    "type": "AnimateItem",
                    "repeatMode": "restart",
                    "duration": "${duration * 0.15}",
                    "delay": "${delay || 0}",
                    "value": [
                        {
                            "property": "transform",
                            "from": [
                                {
                                    "translateX": "0"
                                },
                                {
                                    "translateY": "-0.25%"
                                }
                            ],
                            "to": [
                                {
                                    "translateX": "-0.5%"
                                },
                                {
                                    "translateY": "0.25%"
                                }
                            ]
                        }
                    ]
                },
                {
                    "type": "AnimateItem",
                    "duration": "${duration * 0.15}",
                    "value": [
                        {
                            "property": "transform",
                            "from": [
                                {
                                    "translateX": "-0.5%"
                                },
                                {
                                     "translateY": "0.25%"
                                }
                            ],
                            "to": [
                                {
                                    "translateX": "0"
                                },
                                {
                                    "translateY": "-0.25%"
                                }
                            ]
                        }
                    ]
                },
                {
                    "type": "AnimateItem",
                    "duration": "${duration * 0.15}",
                    "value": [
                        {
                            "property": "transform",
                            "from": [
                                {
                                    "translateX": "0"
                                },
                                {
                                    "translateY": "-0.25%"
                                }
                            ],
                            "to": [
                                {
                                    "translateX": "0.5%"
                                },
                                {
                                     "translateY": "0.25%"
                                }
                            ]
                        }
                    ]
                },
                {
                    "type": "AnimateItem",
                    "duration": "${duration * 0.15}",
                    "value": [
                        {
                            "property": "transform",
                            "from": [
                                {
                                    "translateX": "0.5%"
                                },
                                {
                                     "translateY": "0.25%"
                                }
                            ],
                            "to": [
                                {
                                    "translateX": "0"
                                },
                                {
                                    "translateY": "-0.25%" 
                                }
                            ]
                        }
                    ]
                },
                {
                    "type": "AnimateItem",
                    "duration": "${duration * 0.15}",
                    "value": [
                        {
                            "property": "transform",
                            "from": [
                                {
                                    "translateX": "0"
                                },
                                {
                                     "translateY": "-0.25%"
                                }
                            ],
                            "to": [
                                {
                                    "translateX": "-0.5%"
                                },
                                {
                                     "translateY": "0.25%"
                                }
                            ]
                        }
                    ]
                },
                {
                    "type": "AnimateItem",
                    "duration": "${duration * 0.25}",
                    "value": [
                        {
                            "property": "transform",
                            "from": [
                                {
                                    "translateX": "-0.5%"
                                },
                                {
                                    "translateY": "0.25%"
                                }
                            ],
                            "to": [
                                {
                                    "translateX": "0%"
                                },
                                {
                                     "translateY": "-0.25%"
                            
                                     
                                }
                            ]
                        }
                    ]
                }, 
                        {
                    "type": "AnimateItem",
                    "duration": "${duration * 0.15}",
                    "value": [
                        {
                            "property": "transform",
                            "from": [
                                {
                                    "translateX": "0"
                                },
                                {
                                    "translateY": "-0.25%"
                                }
                            ],
                            "to": [
                                {
                                    "translateX": "0.5%"
                                },
                                {
                                     "translateY": "0.25%"
                                }
                            ]
                        }
                    ]
                },
                {
                    "type": "AnimateItem",
                    "duration": "${duration * 0.15}",
                    "value": [
                        {
                            "property": "transform",
                            "from": [
                                {
                                    "translateX": "0.5%"
                                },
                                {
                                     "translateY": "0.25%"
                                }
                            ],
                            "to": [
                                {
                                    "translateX": "0"
                                },
                                {
                                    "translateY": "-0.25%" 
                                }
                            ]
                        }
                    ]
                },
                {
                    "type": "AnimateItem",
                    "duration": "${duration * 0.15}",
                    "value": [
                        {
                            "property": "transform",
                            "from": [
                                {
                                    "translateX": "0"
                                },
                                {
                                     "translateY": "-0.25%"
                                }
                            ],
                            "to": [
                                {
                                    "translateX": "-0.5%"
                                },
                                {
                                     "translateY": "0.25%"
                                }
                            ]
                        }
                    ]
                },{
                    "type": "AnimateItem",
                    "duration": "${duration * 0.15}",
                    "value": [
                        {
                            "property": "transform",
                            "from": [
                                {
                                    "translateX": "-0.5%"
                                },
                                {
                                     "translateY": "0.25%"
                                }
                            ],
                            "to": [
                                {
                                    "translateX": "0"
                                },
                                {
                                    "translateY": "-0.25%"
                                }
                            ]
                        }
                    ]
                },
                {
                    "type": "AnimateItem",
                    "duration": "${duration * 0.15}",
                    "value": [
                        {
                            "property": "transform",
                            "from": [
                                {
                                    "translateX": "0"
                                },
                                {
                                    "translateY": "-0.25%"
                                }
                            ],
                            "to": [
                                {
                                    "translateX": "0.5%"
                                },
                                {
                                     "translateY": "0.25%"
                                }
                            ]
                        }
                    ]
                },
                {
                    "type": "AnimateItem",
                    "duration": "${duration * 0.15}",
                    "value": [
                        {
                            "property": "transform",
                            "from": [
                                {
                                    "translateX": "0.5%"
                                },
                                {
                                     "translateY": "0.25%"
                                }
                            ],
                            "to": [
                                {
                                    "translateX": "0"
                                },
                                {
                                    "translateY": "-0.25%" 
                                }
                            ]
                        }
                    ]
                },
                {
                    "type": "AnimateItem",
                    "duration": "${duration * 0.15}",
                    "value": [
                        {
                            "property": "transform",
                            "from": [
                                {
                                    "translateX": "0"
                                },
                                {
                                     "translateY": "-0.25%"
                                }
                            ],
                            "to": [
                                {
                                    "translateX": "-0.5%"
                                },
                                {
                                     "translateY": "0.25%"
                                }
                            ]
                        }
                    ]
                },
                {
                    "type": "AnimateItem",
                    "duration": "${duration * 0.15}",
                    "value": [
                        {
                            "property": "transform",
                            "from": [
                                {
                                    "translateX": "-0.5%"
                                },
                                {
                                     "translateY": "0.25%"
                                }
                            ],
                            "to": [
                                {
                                    "translateX": "0"
                                },
                                {
                                    "translateY": "-0.25%"
                                }
                            ]
                        }
                    ]
                },
                {
                    "type": "AnimateItem",
                    "duration": "${duration * 0.15}",
                    "value": [
                        {
                            "property": "transform",
                            "from": [
                                {
                                    "translateX": "0"
                                },
                                {
                                    "translateY": "-0.25%"
                                }
                            ],
                            "to": [
                                {
                                    "translateX": "0.5%"
                                },
                                {
                                     "translateY": "0.25%"
                                }
                            ]
                        }
                    ]
                },
                {
                    "type": "AnimateItem",
                    "duration": "${duration * 0.15}",
                    "value": [
                        {
                            "property": "transform",
                            "from": [
                                {
                                    "translateX": "0.5%"
                                },
                                {
                                     "translateY": "0.25%"
                                }
                            ],
                            "to": [
                                {
                                    "translateX": "0"
                                },
                                {
                                    "translateY": "-0.25%" 
                                }
                            ]
                        }
                    ]
                },
                {
                    "type": "AnimateItem",
                    "duration": "${duration * 0.15}",
                    "value": [
                        {
                            "property": "transform",
                            "from": [
                                {
                                    "translateX": "0"
                                },
                                {
                                     "translateY": "-0.25%"
                                }
                            ],
                            "to": [
                                {
                                    "translateX": "-0.5%"
                                },
                                {
                                     "translateY": "0.25%"
                                }
                            ]
                        }
                    ]
                },
                {
                    "type": "AnimateItem",
                    "duration": "${duration * 0.25}",
                    "value": [
                        {
                            "property": "transform",
                            "from": [
                                {
                                    "translateX": "-0.5%"
                                },
                                {
                                    "translateY": "0.25%"
                                }
                            ],
                            "to": [
                                {
                                    "translateX": "0%"
                                },
                                {
                                     "translateY": "-0.25%"
                            
                                     
                                }
                            ]
                        }
                    ]
                }, 
                        {
                    "type": "AnimateItem",
                    "duration": "${duration * 0.15}",
                    "value": [
                        {
                            "property": "transform",
                            "from": [
                                {
                                    "translateX": "0"
                                },
                                {
                                    "translateY": "-0.25%"
                                }
                            ],
                            "to": [
                                {
                                    "translateX": "0.5%"
                                },
                                {
                                     "translateY": "0.25%"
                                }
                            ]
                        }
                    ]
                },
                {
                    "type": "AnimateItem",
                    "duration": "${duration * 0.15}",
                    "value": [
                        {
                            "property": "transform",
                            "from": [
                                {
                                    "translateX": "0.5%"
                                },
                                {
                                     "translateY": "0.25%"
                                }
                            ],
                            "to": [
                                {
                                    "translateX": "0"
                                },
                                {
                                    "translateY": "-0.25%" 
                                }
                            ]
                        }
                    ]
                },
                {
                    "type": "AnimateItem",
                    "duration": "${duration * 0.15}",
                    "value": [
                        {
                            "property": "transform",
                            "from": [
                                {
                                    "translateX": "0"
                                },
                                {
                                     "translateY": "-0.25%"
                                }
                            ],
                            "to": [
                                {
                                    "translateX": "-0.5%"
                                },
                                {
                                     "translateY": "0.25%"
                                }
                            ]
                        }
                    ]
                },{
                    "type": "AnimateItem",
                    "duration": "${duration * 0.15}",
                    "value": [
                        {
                            "property": "transform",
                            "from": [
                                {
                                    "translateX": "-0.5%"
                                },
                                {
                                     "translateY": "0.25%"
                                }
                            ],
                            "to": [
                                {
                                    "translateX": "0"
                                },
                                {
                                    "translateY": "-0.25%"
                                }
                            ]
                        }
                    ]
                },
                {
                    "type": "AnimateItem",
                    "duration": "${duration * 0.15}",
                    "value": [
                        {
                            "property": "transform",
                            "from": [
                                {
                                    "translateX": "0"
                                },
                                {
                                    "translateY": "-0.25%"
                                }
                            ],
                            "to": [
                                {
                                    "translateX": "0.5%"
                                },
                                {
                                     "translateY": "0.25%"
                                }
                            ]
                        }
                    ]
                },
                {
                    "type": "AnimateItem",
                    "duration": "${duration * 0.15}",
                    "value": [
                        {
                            "property": "transform",
                            "from": [
                                {
                                    "translateX": "0.5%"
                                },
                                {
                                     "translateY": "0.25%"
                                }
                            ],
                            "to": [
                                {
                                    "translateX": "0"
                                },
                                {
                                    "translateY": "-0.25%" 
                                }
                            ]
                        }
                    ]
                },
                {
                    "type": "AnimateItem",
                    "duration": "${duration * 0.15}",
                    "value": [
                        {
                            "property": "transform",
                            "from": [
                                {
                                    "translateX": "0"
                                },
                                {
                                     "translateY": "-0.25%"
                                }
                            ],
                            "to": [
                                {
                                    "translateX": "-0.5%"
                                },
                                {
                                     "translateY": "0.25%"
                                }
                            ]
                        }
                    ]
                },
                {
                    "type": "AnimateItem",
                    "duration": "${duration * 0.25}",
                    "value": [
                        {
                            "property": "transform",
                            "from": [
                                {
                                    "translateX": "-0.25%"
                                },
                                {
                                    "translateY": "0.25%"
                                }
                            ],
                            "to": [
                                {
                                    "translateX": "0%"
                                },
                                {
                                     "translateY": "-0.25%"
                            
                                     
                                }
                            ]
                        }
                    ]
                }, 
                        {
                    "type": "AnimateItem",
                    "duration": "${duration * 0.15}",
                    "value": [
                        {
                            "property": "transform",
                            "from": [
                                {
                                    "translateX": "0"
                                },
                                {
                                    "translateY": "-0.25%"
                                }
                            ],
                            "to": [
                                {
                                    "translateX": "0.5%"
                                },
                                {
                                     "translateY": "0.25%"
                                }
                            ]
                        }
                    ]
                },
                {
                    "type": "AnimateItem",
                    "duration": "${duration * 0.15}",
                    "value": [
                        {
                            "property": "transform",
                            "from": [
                                {
                                    "translateX": "0.5%"
                                },
                                {
                                     "translateY": "0.25%"
                                }
                            ],
                            "to": [
                                {
                                    "translateX": "0"
                                },
                                {
                                    "translateY": "-0.25%" 
                                }
                            ]
                        }
                    ]
                },
                {
                    "type": "AnimateItem",
                    "duration": "${duration * 0.15}",
                    "value": [
                        {
                            "property": "transform",
                            "from": [
                                {
                                    "translateX": "0"
                                },
                                {
                                     "translateY": "-0.25%"
                                }
                            ],
                            "to": [
                                {
                                    "translateX": "-0.5%"
                                },
                                {
                                     "translateY": "0.25%"
                                }
                            ]
                        }
                    ]
                },
                {
                    "type": "AnimateItem",
                    "duration": "${duration * 0.25}",
                    "value": [
                        {
                            "property": "transform",
                            "from": [
                                {
                                    "translateX": "-0.5%"
                                },
                                {
                                    "translateY": "0.25%"
                                }
                            ],
                            "to": [
                                {
                                    "translateX": "0%"
                                },
                                {
                                     "translateY": "0"
                            
                                     
                                }
                            ]
                        }
                    ]
                }
            ]
        },
        "slideInLeft": {
            "parameters": [
                "duration",
                "distance",
                "delay"
            ],
            "commands": [
                {
                    "type": "AnimateItem",
                    "duration": "${duration}",
                    "delay": "${delay || 0}",
                    "value": [
                        {
                            "property": "transform",
                            "from": [
                                {
                                    "translateX": "${distance && ('-' + distance) || '-100vw'}"
                                }
                            ],
                            "to": [
                                {
                                    "translateX": 0
                                }
                            ]
                        }
                    ]
                }
            ]
        },
        "jackInTheBox": {
            "parameters": [
                "duration",
                "delay"
            ],
            "commands": [
                {
                    "type": "AnimateItem",
                    "duration": "${duration * 0.5}",
                    "delay": "${delay || 0}",
                    "value": [
                        {
                            "property": "opacity",
                            "from": 0,
                            "to": 0.5
                        },
                        {
                            "property": "transform",
                            "from": [
                                {
                                    "scaleX": 0.1,
                                    "scaleY": 0.1
                                },
                                {
                                    "rotate": 30
                                }
                            ],
                            "to": [
                                {
                                    "scaleX": 0.45,
                                    "scaleY": 0.45
                                },
                                {
                                    "rotate": -10
                                }
                            ]
                        }
                    ]
                },
                {
                    "type": "AnimateItem",
                    "duration": "${duration * 0.2}",
                    "value": [
                        {
                            "property": "opacity",
                            "from": 0.5,
                            "to": 0.7
                        },
                        {
                            "property": "transform",
                            "from": [
                                {
                                    "scaleX": 0.45,
                                    "scaleY": 0.45
                                },
                                {
                                    "rotate": -10
                                }
                            ],
                            "to": [
                                {
                                    "scaleX": 0.63,
                                    "scaleY": 0.63
                                },
                                {
                                    "rotate": 3
                                }
                            ]
                        }
                    ]
                },
                {
                    "type": "AnimateItem",
                    "duration": "${duration * 0.3}",
                    "value": [
                        {
                            "property": "opacity",
                            "from": 0.7,
                            "to": 0.8
                        },
                        {
                            "property": "transform",
                            "from": [
                                {
                                    "scaleX": 0.63,
                                    "scaleY": 0.63
                                },
                                {
                                    "rotate": 3
                                }
                            ],
                            "to": [
                                {
                                    "scaleX": 1,
                                    "scaleY": 1
                                },
                                {
                                    "rotate": 0
                                }
                            ]
                        }
                    ]
                }
            ]
        }
      },
    "layouts": {},
    "mainTemplate": {
        "parameters": [
            "payload"
        ],
        "items": [
            {
                "when": "${viewport.shape == 'round'}",
                "type": "Container",
                "direction": "column",
                "items": [
                    {
                        "type": "Image",
                        "source": "${payload.mainData.properties.bgImage}",
                        "scale": "best-fill",
                        "position": "absolute",
                        "overlayColor": "rgba(0,0,0,0.2)",
                        "width": "100vw",
                        "height": "100vh"
                    },
                    {
                        "type": "AlexaHeader",
                        "headerTitle": "Power"
                    },
                    {
                        "type": "Container",
                        "grow": 1,
                        "alignItems": "center",
                        "justifyContent": "center",
                        "items": [
                            {
                                "type": "Image",
                                "width": "35vw",
                                "height": "60vw",
                                "source": "${payload.mainData.properties.power1}",
                                "scale": "best-fit",
                                "align": "center",
                                "onMount":[
                                    {
                                        "type":"wobble",
                                        "duration": 2000,
                                        "repeatCount": 4,
                                        "repeatMode":"restart"
                                    }
                                ]
                            },
                            {
                                "type": "Image",
                                "width": "20vw",
                                "height": "40vh",
                                "source": "https://powers.s3.amazonaws.com/robot.png",
                                "scale": "best-fit",
                                "position": "absolute",
                                "bottom": "2%",
                                "left": "40%",
                                "onMount":[{
                                    "type":"slideInLeft",
                                    "duration":500
                                }]
                            },{
                                "type": "Container",
                                "width": "100%",
                                "height": "100vh",
                                "items": [
                                    {
                                        "type": "Frame",
                                        "opacity": 0,
                                        "width": "100vw",
                                        "height": "100vh",
                                        "position": "absolute",
                                        "alignSelf": "center",
                                        "backgroundColor": "#1455D9",
                                        "borderColor": "#000000",
                                        "borderWidth": "5",
                                        "onMount":[
                                        {
                                        "type":"jackInTheBox",
                                        "duration": 2000,
                                        "delay":4000
                                        }
                                        ],
                                        "items": [
                                            {
                                                "type": "Container",
                                                "width": "100%",
                                                "height": "100%",
                                                "paddingLeft": "15vw",
                                                "paddingRight": "15vw",
                                                "item": [
                                                    {
                                                        "type": "TouchWrapper",
                                                        "onPress": [
                                                            {
                                                                "type": "SendEvent",
                                                                "arguments": [
                                                                    "Fight"
                                                                ]
                                                            }
                                                        ],
                                                        "item": [
                                                            {
                                                                "type": "Frame",
                                                                "opacity": 1,
                                                                "width": "25vw",
                                                                "height": "12vh",
                                                                "backgroundColor": "#ffffff",
                                                                "items": [
                                                                    {
                                                                        "type": "Text",
                                                                        "width": "100%",
                                                                        "height": "100%",
                                                                        "textAlign": "center",
                                                                        "textAlignVertical": "center",
                                                                        "color": "#000000",
                                                                        "fontStyle": "normal",
                                                                        "text": "Fight",
                                                                        "fontWeight": "bold"
                                                                    }
                                                                ]
                                                            }
                                                        ]
                                                    },
                                                    {
                                                        "type": "TouchWrapper",
                                                        "onPress": [
                                                            {
                                                                "type": "SendEvent",
                                                                "arguments2": [
                                                                    "Store"
                                                                ]
                                                            }
                                                        ],
                                                        "item": [
                                                            {
                                                                "type": "Frame",
                                                                "opacity": 1,
                                                                "width": "25vw",
                                                                "height": "12vh",
                                                                "backgroundColor": "#ffffff",
                                                                "items": [
                                                                    {
                                                                        "type": "Text",
                                                                        "width": "100%",
                                                                        "height": "100%",
                                                                        "textAlign": "center",
                                                                        "textAlignVertical": "center",
                                                                        "color": "#000000",
                                                                        "fontStyle": "normal",
                                                                        "text": "Store",
                                                                        "fontWeight": "bold"
                                                                    }
                                                                ]
                                                            }
                                                        ]
                                                    }
                                                ],
                                                "alignItems": "center",
                                                "direction": "row",
                                                "justifyContent": "spaceBetween"
                                            }
                                        ]
                                    }
                                ],
                                "position": "absolute"
                            }
                        ]
                    }
                ]
            },
            {
                "type": "Container",
                "height": "100vh",
                "width": "100vw",
                "items": [
                    {
                        "type": "Image",
                        "width": "100vw",
                        "height": "100vh",
                        "source": "${payload.mainData.properties.bgImage}",
                        "scale": "best-fill",
                        "overlayColor": "rgba(0,0,0,0.2)",
                        "position": "absolute"
                    },
                    {
                        "type": "AlexaHeader",
                        "headerTitle": "Powers",
                        "headerAttributionImage": "${payload.bodyTemplate7Data.logoUrl}"
                    },
                    {
                        "type": "Container",
                        "height": "85vh",
                        "paddingLeft": "5vw",
                        "paddingRight": "5vw",
                        "paddingBottom": "5vh",
                        "direction": "column",
                        "alignItems": "center",
                        "justifyContent": "start",
                        "items": [
                            {
                                "type": "Image",
                                "id":"myFlyingComponent",
                                "width": "25vw",
                                "height": "70vh",
                                "source": "${payload.mainData.properties.power1}",
                                "scale": "best-fit",
                                "align": "center",
                                "position": "absolute",
                                "bottom": "8%",
                                "left": "24%",
                                "onMount":[
                                    {
                                        "type":"wobble",
                                        "duration": 2000,
                                        "repeatCount": 4,
                                        "repeatMode":"restart"
                                    }
                                ]
                            },
                            {
                                "type": "Image",
                                "width": "25vw",
                                "height": "70vh",
                                "source": "${payload.mainData.properties.power2}",
                                "scale": "best-fit",
                                "position": "absolute",
                                "right": "24%",
                                "bottom": "8%",
                                "onMount":[
                                    {
                                        "type":"wobble",
                                        "duration": 2000,
                                        "repeatCount": 4,
                                        "repeatMode":"restart",
                                        "delay":100
                                    }
                                ]
                            },
                            {
                                "type": "Image",
                                "width": "20vw",
                                "height": "40vh",
                                "source": "https://powers.s3.amazonaws.com/robot.png",
                                "scale": "best-fit",
                                "position": "absolute",
                                "bottom": "2%",
                                "left": "40%",
                                "onMount":[{
                                    "type":"slideInLeft",
                                    "duration":500
                                }]
                            },
                            {
                                "type": "Container",
                                "width": "100%",
                                "height": "100vh",
                                "items": [
                                    {
                                        "type": "Frame",
                                        "opacity": 0,
                                        "width": "80vw",
                                        "height": "80vh",
                                        "position": "absolute",
                                        "alignSelf": "center",
                                        "backgroundColor": "#1455D9",
                                        "borderColor": "#000000",
                                        "borderWidth": "5",
                                        "onMount":[
                                        {
                                        "type":"jackInTheBox",
                                        "duration": 2000,
                                        "delay":4000
                                        }
                                        ],
                                        "items": [
                                            {
                                                "type": "Container",
                                                "width": "100%",
                                                "height": "100%",
                                                "paddingLeft": "15vw",
                                                "paddingRight": "15vw",
                                                "item": [
                                                    {
                                                        "type": "TouchWrapper",
                                                        "onPress": [
                                                            {
                                                                "type": "SendEvent",
                                                                "arguments": [
                                                                    "Fight"
                                                                ]
                                                            }
                                                        ],
                                                        "item": [
                                                            {
                                                                "type": "Frame",
                                                                "opacity": 1,
                                                                "width": "20vw",
                                                                "height": "10vh",
                                                                "backgroundColor": "#ffffff",
                                                                "items": [
                                                                    {
                                                                        "type": "Text",
                                                                        "width": "100%",
                                                                        "height": "100%",
                                                                        "textAlign": "center",
                                                                        "textAlignVertical": "center",
                                                                        "color": "#000000",
                                                                        "fontStyle": "normal",
                                                                        "text": "Fight",
                                                                        "fontWeight": "bold"
                                                                    }
                                                                ]
                                                            }
                                                        ]
                                                    },
                                                    {
                                                        "type": "TouchWrapper",
                                                        "onPress": [
                                                            {
                                                                "type": "SendEvent",
                                                                "arguments2": [
                                                                    "Store"
                                                                ]
                                                            }
                                                        ],
                                                        "item": [
                                                            {
                                                                "type": "Frame",
                                                                "opacity": 1,
                                                                "width": "20vw",
                                                                "height": "10vh",
                                                                "backgroundColor": "#ffffff",
                                                                "items": [
                                                                    {
                                                                        "type": "Text",
                                                                        "width": "100%",
                                                                        "height": "100%",
                                                                        "textAlign": "center",
                                                                        "textAlignVertical": "center",
                                                                        "color": "#000000",
                                                                        "fontStyle": "normal",
                                                                        "text": "Store",
                                                                        "fontWeight": "bold"
                                                                    }
                                                                ]
                                                            }
                                                        ]
                                                    }
                                                ],
                                                "alignItems": "center",
                                                "direction": "row",
                                                "justifyContent": "spaceBetween"
                                            }
                                        ]
                                    }
                                ],
                                "position": "absolute"
                            }
                        ]
                    }
                ]
            }
        ]
    }
}
                        